WALLET,AMOUNT
0x9999,0.000001
0x9999,0.00000123
0x9999,0.00000125